1,Bar 61 Restaurant
2,Companero
3,28 Church Row
4,Miss Tapas
5,The Little Taperia
6,Twist
7,Volare
8,The Port House
9,About Thyme Restaurant
10,Hispania London
11,Ametsa
12,Lobos
13,Boqueria
14,Condesa
15,Barrafina
16,Boqueria
17,Eneko Basque Kitchen and Bar
18,Los Molinos
19,El Ganso
20,Jose Tapas Bar
21,Barrica
22,Tapas Revolution
23,Barrafina
24,Barrafina
25,Donostia Restaurant
26,Bravas Tapas
27,Princess Victoria
28,Escocesa
29,Salt Yard
30,Lobos
31,El Pirata of Mayfair
32,Salvador & Amanda
33,Tapa Tapa
34,Opera Tavern
35,Morito
36,Pix
37,Sabor
38,Sagardi Basque Country Chefs
39,Llerena. Iberico Tapas Bar
40,Camino King's Cross
41,Iberica Victoria
42,Pizarro Restaurant
43,Cambio de Tercio
44,Toro Gordo
45,Dama de Elche
46,Jamon Jamon
47,PIX
48,Carmen Tapas
49,Ember Yard
50,La farola
51,Lurra
52,Iberica Farringdon
53,Copita
54,Tapas Brindisa Soho
55,La Tasca
56,El Metro
57,Salsa!
58,Meson Callejon
59,Aqua Nueva
60,Dehesa
61,Iberica Marylebone
62,Jamon Jamon Camden
63,Moo Cantina - Pimlico
64,Bar Tozino
65,The Hill
66,Tapas Brindisa Shoreditch
67,Gatehouse
68,Pix
69,Three O Two
70,Moro Restaurant
71,Mar I Terra
72,Tapas Brindisa London Bridge
73,Tapas Brindisa South Kensington
74,Camino Shoreditch
75,Camino Monument
76,Don Francisco y La Luna
77,Meson Don Felipe
78,Goya
79,The Tapestry Tapas Bar
80,Canaletes Tapas & Wine
81,Iberica Canary Wharf
82,Centro Galego de Londres
83,Bar Esteban
84,Laxeiro
85,Orford Saloon Tapas Bar
86,Casa Manolo
87,Tziganos
88,Tapinos
89,Nostro Cafe Costa (I Love Coffee)
90,Salvador and Amanda - Bloomsbury
91,La Violetta
92,The Place
93,Morito Hackney Road
94,The Duke of Sussex
95,La Lluna
96,Black Pig with White Pearls
97,Camino Blackfriars
98,Bar Pepito
99,Stem + Glory
100,. La Fabrica Stroud Green
101,. Camino Bankside
102,. Eyre Brothers
103,. Galicia Restaurant
104,. Zero 75
105,. The Adega Restaurant and Tapas Bar
106,. Arros QD
107,. Caldo Bar and Kitchen
108,. Norfolk Arms
109,. del Parc
110,. Sabor Iberico
111,. Enrique Tomas
112,. Tendido Cero
113,. Trangallan
114,. Andalucia Tapas Restaurant
115,. Copita Del Mercado
116,. Cafe Chula
117,. Opium London - Restaurant & Nightclub.
118,. Jamon Jamon - Belsize Park
119,. Capote y toros
120,. Gremio De Brixton
121,. Cigala
122,. Bar Gansa
123,. La Rueda De Tapas
124,. Tuyo
125,. La Paella Tapas Bar
126,. Bar 191
127,. Viva!
128,. El Molino
129,. Delaterra
130,. Tokova
131,. Tierra Verde
132,. Jose Pizarro
133,. Cafe Brood
134,. Tapelia
135,. Hopscotch
136,. Tapas Brindisa Battersea
137,. Barsito Tapas Bar
138,. Las Banderas
139,. Highbury Arts Club
140,. Tendido Cuatro
141,. Barrafina
142,. La ventana restaurant
143,. Sips & Bites
144,. Pata Negra Spanish Tapas Bar
145,. Mezcalito Chelsea
146,. Barbican Lounge
147,. Duck Soup
148,. La Rueda - Clapham
149,. The Tapas Room
150,. Barafina
151,. Thyme&Lemon
152,. Barcelona Tapas Bar Y Restaurante
153,. Carmona Steak & Tapas Wimbledon
154,. Viandas
155,. Brindisa Shop
156,. Las Banderas
157,. Don Pepe
158,. El Vermut
159,. Petare
160,. Linnaean
161,. Maria’s Tortilla
162,. Maize Blaze
163,. Familia Cafe
164,. Boca Cha Cha
165,. Abasto
166,. Churros Camden
167,. Tapete
168,. Tapas Revolution Stratford
169,. Sibarita
170,. Ole Navarro
171,. The Tapas Room - Tooting
172,. Casa Manolo
173,. Kitchen Table
174,. LEON – Shepherd’s Bush
175,. Cafe Barcelona
176,. El Pirata of Mayfair
177,. Venezuelan Gastronomy
178,. Halkin Bar
179,. La Plaza
180,. Donde
181,. Parrillan
182,. Iberica La Terraza
183,. La Vina Tapas Bar & Restaurant
184,. Chilango
185,. El Toro Loco
186,. Cafe Kick
187,. L'Oculto
188,. Assenheim 56
189,. Fernandez & Wells
190,". La Casita, Streatham Uk"
191,. Near & Far Camden
192,. Ardoa by Vinothec Compass
193,. Brooksby's Walk E9
194,. Med Bar Soho
195,. Boca - Latin Bites
196,. Taps and Tapas
197,. Churreria Espanola
198,. Cuzco
199,. Linden Stores
200,. Costa Azul
201,. El Vino
202,. El Olivo Cafe Bar Tapas
203,. Txotx
204,. Churros Buenos
205,. La Pacena
206,. Las Esquina
207,. Momento Tapas & Grill
208,. Joe
209,. Cattleya
210,. Elliotts London Bridge
211,. Enrique Tomas
212,. El Vino The Olde Wine Shades
213,. Sevilla Mia
214,. Carmona Tapas Bar
215,. Barcelona Tapas Bar Y Restaurante -Lime Street
216,. Decimo
217,. St. Anna
218,. Enrique Tomas JAMON-TAPAS-VINO
219,. Salty Restaurant Ltd
220,. Fabler Bakery
221,. Communion Bar
222,. Guasacaca Mercato
223,. Reineta Limited
224,. Brindisa Kitchen Bar Borough
225,. Wedding House Patisserie
226,. El Botellon
227,. Barafina
228,. Maderos
229,. Goya Restaurant - Belgravia
230,. Pueblito Paisa
231,. Chicha Lewisham
232,. Tonica By The Distillery
233,. Kultrun
234,. CAFE MAMBO - Arepa cafe in London
235,. Franklin's Wine Bar & Shop
236,. Crudo Cevicheria
237,. Circus Bros
238,. 2NX
239,. Salsa! Soho
240,. Jakata London
241,. Spandeli
242,. Tourian Lounge
243,. Bar & Co
244,. Seven At Brixton
245,. Zocalo
246,. ABEL Restaurant
247,. Tapas Bar
248,. Miko's
249,. Tacotitlan
250,. Enrique Tomas
251,. Nando's Eltham
252,. E Bar
253,. La Bodega
254,. The Havan Store Ltd
255,. EDu
256,. Number 57
257,. Hola Paella
258,. Latin Groove Kitchen
259,. Jamon Jamon
260,. Nape by Cannon & Cannon
261,. The Almond
262,. Arado Restaurant & Bar
263,. Furanxo
264,. Porto Restaurant
265,. Ana's Croquetas
266,. Ember
267,. Tapas 44
268,. Cafe & Tapas
269,. Vinos y Licores
270,. Bankete Restaurant